Datasets,Genre,Creation,basic_statistics_n_chars,basic_statistics_n_complex_words,basic_statistics_n_letters,basic_statistics_n_long_words,basic_statistics_n_monosyllable_words,basic_statistics_n_polysyllable_words,basic_statistics_n_punctuations,basic_statistics_n_sents,basic_statistics_n_simple_words,basic_statistics_n_spaces,basic_statistics_n_syllables,basic_statistics_n_unique_words,basic_statistics_n_words,pos_ner_analysis_ner_LOC,pos_ner_analysis_ner_ORG,pos_ner_analysis_ner_PER,pos_ner_analysis_pos_ADJ,pos_ner_analysis_pos_ADP,pos_ner_analysis_pos_ADV,pos_ner_analysis_pos_AUX,pos_ner_analysis_pos_CCONJ,pos_ner_analysis_pos_DET,pos_ner_analysis_pos_INTJ,pos_ner_analysis_pos_NOUN,pos_ner_analysis_pos_NUM,pos_ner_analysis_pos_PART,pos_ner_analysis_pos_PRON,pos_ner_analysis_pos_PROPN,pos_ner_analysis_pos_PUNCT,pos_ner_analysis_pos_SCONJ,pos_ner_analysis_pos_SPACE,pos_ner_analysis_pos_SYM,pos_ner_analysis_pos_VERB,pos_ner_analysis_pos_X,readability_statistics_automated_readability_index,readability_statistics_coleman_liau_index,readability_statistics_flesch_kincaid_grade,readability_statistics_flesch_reading_easy,readability_statistics_lix,readability_statistics_smog_index,sentiment_analysis_polarity,sentiment_analysis_subjectivity,syntactic_analysis_avg_tree_depth,text_homogeneity_avg_similarity,dependency_ROOT,dependency_acl,dependency_acl:relcl,dependency_advcl,dependency_advmod,dependency_amod,dependency_appos,dependency_aux,dependency_aux:pass,dependency_case,dependency_cc,dependency_ccomp,dependency_compound,dependency_conj,dependency_cop,dependency_csubj,dependency_csubj:pass,dependency_dep,dependency_det,dependency_discourse,dependency_expl,dependency_fixed,dependency_flat,dependency_flat:foreign,dependency_flat:name,dependency_iobj,dependency_list,dependency_mark,dependency_nmod,dependency_nsubj,dependency_nsubj:pass,dependency_nummod,dependency_nummod:entity,dependency_nummod:gov,dependency_obj,dependency_obl,dependency_obl:agent,dependency_orphan,dependency_parataxis,dependency_punct,dependency_xcomp
ruHateSpeech,social/ethics,Natural,6.097177937467282,0.1334887926521677,4.867272640746204,0.3835720744301147,0.3239423214200733,0.6191881216389854,0.20163708180650075,1439,0.809641650406891,1.0017132251463379,2.07485842097749,0.3593965640317898,21013,0.005948698424784657,0.0048541379146242805,0.011944986436967592,0.076381287774235,0.09679722076809594,0.0792842526055299,0.011040784276400324,0.05182506067672393,0.04440108504259268,0.0003331271117879408,0.2415171560462571,0.011040784276400324,0.06843382667872269,0.1094560510160377,0.04559082472754961,0.18126873840003807,0.033741017465378574,0.0013800980345500405,0.000571075048779327,0.14776566887165088,0.0014276876219483177,3.525128468388821,4.043149954789893,5.711692324421293,63.15275664074,52.95970918032905,12.39368925201227,0.496875,0.5333333333333333,11.491793313069907,0.5080037799181787,1.1459346768589298,0.10979847116052814,0.05837387074357193,0.16400277970813065,1.7915218902015289,0.7380125086865879,0.2126476719944406,0.07644197359277276,0.002779708130646282,1.4781097984711604,0.7658095899930507,0.14107018763029883,0.0020847810979847115,1.0958999305072967,0.06949270326615706,0.10562890896455872,0.001389854065323141,0.020152883947185545,0.6059763724808895,0.03266157053509382,0.0034746351633078527,0.15913829047949965,0.0020847810979847115,0.006949270326615705,0.06462821403752605,0.2904794996525365,0.0,0.43780403057678946,1.011118832522585,1.6400277970813064,0.03891591382904795,0.08964558721334259,0.0006949270326615705,0.04030576789437109,0.9388464211257818,1.0924252953439888,0.0006949270326615705,0.002779708130646282,0.16539263377345378,2.62821403752606,0.32453092425295343
RWSD,comprehension/language,Natural,6.261834222134439,0.13397853709921653,5.057014945026006,0.4179340312067944,0.27105141878991373,0.6791098821515571,0.19270524721838173,1321,0.8161827638422543,0.9997366515241293,2.1449074988478505,0.16656791098821516,15189,0.005332806636381592,0.00039502271380604387,0.06866811508328395,0.06708802422805978,0.105207716110343,0.0711040884850879,0.023306340114556588,0.038053854763315555,0.031009283033774444,0.0,0.2158140759760353,0.008032128514056224,0.02745407860952005,0.10606359865692278,0.08262558430443084,0.18809664889064454,0.044703403779050625,0.0002633484758706959,0.0,0.18401474751464875,0.0,3.842132708020252,4.439603002172628,4.701897413807323,62.97851957662496,53.29151061500192,11.02336290359889,0.0,0.0,10.474640423921272,0.6909598494458644,1.0,0.06510219530658592,0.05677517032551098,0.372445117335352,0.93111279333838,0.5185465556396669,0.10976532929598788,0.0348221044663134,0.050719152157456475,1.2172596517789553,0.43679031037093113,0.1445874337623013,0.004542013626040878,0.558667676003028,0.17789553368660105,0.07342922028766086,0.003028009084027252,0.005299015897047691,0.33232399697199094,0.0,0.001514004542013626,0.21953065859197576,0.0,0.0,0.050719152157456475,0.2392127176381529,0.0,0.49053747161241484,0.5927327781983346,1.607872823618471,0.0696442089326268,0.02725208175624527,0.0,0.03936411809235428,0.7676003028009084,1.0560181680545042,0.003028009084027252,0.0,0.02725208175624527,2.1604844814534445,0.26949280847842544
MultiQ,comprehension/language,Natural,7.480756315544764,0.2605569044789998,5.915684248592241,0.5512140310998606,0.12737510977940797,0.7016118200134318,0.3144443870434468,25233,0.5684300253138399,1.0043808441390711,2.4672030789895127,0.09697783747481531,387140,0.07379759260215943,0.025404246525804617,0.031585472955519965,0.20633879216820789,0.11614403058325154,0.018993129100583768,0.00807976442630573,0.027460350260887535,0.009740662292710648,0.00012140310998605156,0.3280105388231647,0.025448158288991062,0.003665340703621429,0.013604897453117736,0.15818308622203853,0.249604794131322,0.004088960066125949,0.006323293898847962,0.001030634912434778,0.07182672934855608,0.0036472593893681873,10.295784632663462,9.92503435449708,8.938459859415815,38.61070597797499,70.46401001364396,17.727051051357805,0.2107707506613756,0.569811507936508,14.213001988071571,0.5655559639650366,0.9998811080727619,0.10212816549756272,0.12119050449807792,0.03134783814845639,0.28141719177267865,2.6049617564300718,0.8093369793524353,0.001941901478222962,0.07902350097095073,1.8157571434232949,0.4213926207743828,0.007965759124955415,0.0003170451393017081,1.164903103079301,0.042404787381603457,0.00788649784012999,0.0019815321206356753,0.09705544326873539,0.13858835651725915,0.0026948836840645185,0.0005944596361907026,0.07343558039075813,0.22105972337811597,0.024293583798993382,0.41964887250822336,0.045773391986684106,0.0003566757817144216,0.03392382990528277,2.5658463123687234,0.8687433123290929,0.14595965600602387,0.23469266436808942,0.004914199659176475,0.037213173225537986,0.2933063844964927,1.1019300122854991,0.017794158443308367,0.04640748226528752,0.35620021400546903,3.8139341338723103,0.17552411524590814
ruDetox,social/ethics,Natural,5.920603180577774,0.11002634798155642,4.548673190928766,0.3496635927354851,0.3206337630563659,0.5977227815940529,0.37631739907782064,2423,0.8083301966688623,0.9568551802013738,1.9579490919356357,0.2453185282770302,85016,0.005657758539569022,0.009186506069445752,0.01402089018537687,0.05516608638373953,0.07666792133245506,0.06817540227721841,0.010186317869577492,0.0411334337065964,0.04386233179636774,0.0011174367177942976,0.22092312035381576,0.010786204949656535,0.062094194034064173,0.10178084125341112,0.09718170697280512,0.2834054766161664,0.02232520937235344,0.0030464853674602426,0.00028229980239013834,0.15238308083184343,0.0029641479250964524,7.276620712564473,3.6901844358708935,14.895698614629929,43.549052806199455,70.05344140313991,17.42124397416806,-0.3076032398200453,0.700369657316623,13.75509505052235,0.4568412651118508,2.418076764341725,0.17952950887329758,0.0780024762690879,0.2162608336772596,3.8666941807676434,1.1939744118860915,1.317375154766818,0.20553033429632686,0.0033016921172100704,2.9133305819232356,1.4486174164259182,0.22781675608749485,0.0,2.848947585637639,0.13743293437886916,0.24638877424680147,0.0012381345439537762,0.10771770532397854,1.4882377218324392,0.12670243499793643,0.011143210895583986,0.21543541064795707,0.017333883615352867,0.039207593891869584,0.2352455633512175,0.7474205530334296,0.0,0.6322740404457284,2.271564176640528,3.952125464300454,0.052414362360709864,0.16879900949236484,0.0008254230293025176,0.09863805200165085,2.6009079653322327,2.1729261246388774,0.0024762690879075525,0.0016508460586050352,1.205943045810978,9.750722245150639,0.7787866281469253
PARus,comprehension/language,Natural,6.843935764350989,0.17008251264306629,5.592582734451247,0.5147724248070269,0.2092981989175761,0.7461627184810575,0.24966728772957147,2694,0.7853784047555674,1.0001774465442286,2.3600390382397305,0.42684766214177977,11271,0.00026616981634282674,0.00035489308845710227,0.004879779966285157,0.05057226510513708,0.10566941708810221,0.01880933368822642,0.021116138763197588,0.0016857421701712359,0.028923786709253836,0.0,0.37201667997515747,0.0019519119865140627,0.005678289415313636,0.13485937361369887,0.007541478129713424,0.24789282228728596,0.005323396326856534,0.00026616981634282674,0.0,0.2492236713690001,0.0,5.143107449958791,2.063487711826813,2.6883183867224147,59.55778965925322,55.66098412880959,7.507979837172422,0.0,0.0,3.0166852057842046,0.5769121345593033,1.0011135857461024,0.004825538233110616,0.0022271714922048997,0.005939123979213066,0.09539717891610987,0.14587973273942093,0.001855976243504083,0.0003711952487008166,0.029324424647364514,0.4424647364513734,0.007052709725315516,0.017446176688938383,0.0,0.008908685968819599,0.05716406829992576,0.005196733481811433,0.0003711952487008166,0.0011135857461024498,0.11432813659985153,0.0,0.0,0.005567928730512249,0.0,0.0,0.0007423904974016332,0.0645879732739421,0.0,0.02190051967334818,0.18782479584261322,0.9443207126948775,0.03526354862657758,0.0011135857461024498,0.0,0.005567928730512249,0.4922048997772829,0.40014847809948034,0.0007423904974016332,0.0,0.0007423904974016332,1.0374907201187824,0.09688195991091314
ruEthics,social/ethics,Natural,7.0927896599208635,0.22806306541860585,5.711172410186686,0.5198059927835591,0.20765570255713015,0.6920593003189877,0.24748993358782617,16633,0.671651937457512,1.0170693231536196,2.404238351723056,0.029131586745454862,229476,0.0218541372518259,0.02276055012288867,0.02083006501769248,0.0962627900085412,0.1311248235109554,0.04607453502762816,0.0093343094702714,0.03189876065470899,0.02608115881399362,0.00011765936307064791,0.30833289755791454,0.023632100960449022,0.023100454949537205,0.05650264079903781,0.0803177674353745,0.2256968048946295,0.02207638271540379,0.00825358643169656,0.0009804946922553992,0.15358904634907355,0.006427687427007617,8.581837562283177,8.544559866827033,7.721190072790836,44.40491763945192,65.77702806450392,15.732661357430658,0.0,0.0956038424175679,12.3994891291434,0.5977613205027885,1.0133469608609391,0.1333493657187519,0.09523236938616005,0.12499248481933506,0.8076113749774545,1.0846509950099201,0.3660193591053929,0.03210485180063729,0.03769614621535502,1.8115793903685444,0.4388264293873625,0.13960199603198462,0.003607286719172729,0.5848614200685385,0.05356820777971502,0.0930679973546564,0.0005410930078759093,0.11387001743521914,0.3345758432032706,0.009920038477725004,0.006493116094510912,0.12445139181145914,0.057716587506763666,0.048878735044790476,0.1545121144712319,0.1485600913845969,0.0,0.2950760536283292,1.626044610112427,1.3063187639030842,0.11056333794264414,0.19058498166295917,0.0007214573438345458,0.08663500270546504,0.7871099621234895,1.3313894066013348,0.004509108398965911,0.007575302110262731,0.3245355618349065,3.0884386460650513,0.2636926591715265
USE,academic/specialized,Natural,6.719387613853437,0.2024095482992621,5.229915138171212,0.462185106594339,0.2211407084358618,0.6421081430551235,0.39478908309814886,39803,0.6608393031917232,0.9668792962216862,2.217255075668871,0.06583102220152201,614057,0.005305696376720728,0.004183650703436326,0.01824749168236825,0.09726132915999655,0.09797950353143112,0.052522811400244604,0.008165365755947738,0.043212600784617715,0.033249356330112674,0.0008842827294534547,0.2769107753840441,0.07813118326148875,0.031000379443602143,0.06523987186857245,0.04825773503111275,0.34813543368123806,0.018234463575856966,0.030249634805889356,5.5369452672960325e-05,0.14993559229843484,0.0004022427885359177,6.026655858889434,6.165843219766245,7.15539048742534,53.522343491983776,61.64591562890856,15.673232000368118,0.3072248765020634,0.8571428571428571,11.676141063237838,0.3376939230077921,1.3399994975253122,0.1880009044544381,0.1661432555335025,0.18031304173052282,1.0746928623470593,1.175037057508228,0.3898449865588021,0.02519910559505565,0.021204431826746726,1.565912117177097,0.6695475215436022,0.09433962264150944,0.0018842800793910006,1.2056880134663217,0.07582343039469387,0.06645227746652263,0.0015576715322965606,0.4667989850011306,0.47423561038112705,0.009245534256211843,0.009722885209657563,0.12147325578473984,0.006632665879456322,0.003919302565133282,0.11868452126724116,0.2017184634324046,0.0002763610783106801,0.24015777705198102,1.2135266185965883,1.2850287666758786,0.14039142778182548,0.49998743813280405,0.00012561867195940004,0.0564279074441625,0.8905107655201869,1.2302087782327966,0.012360877320804965,0.009170163053036202,0.4380825565912117,5.369444514232596,0.24739341255684244
ruHHH,social/ethics,Natural,6.7506256952169075,0.19997914349276974,5.364224137931035,0.4759107341490545,0.259837319243604,0.6544771968854283,0.23122914349276974,1860,0.7143353726362626,1.0016337597330367,2.2707522246941045,0.12096774193548387,28768,0.018909899888765295,0.012062013348164627,0.012409621802002224,0.10768909899888765,0.10237068965517242,0.06997358175750834,0.019327030033370413,0.04292964404894327,0.033127085650723025,0.00013904338153503893,0.23494855394883205,0.017241379310344827,0.03135428253615128,0.10372636262513904,0.05433120133481646,0.2158996106785317,0.03382230255839822,0.026904894327030034,6.952169076751947e-05,0.15694521690767518,0.006743604004449388,6.8784431034482765,6.910301724137934,7.565157906933631,50.25612462921768,63.05774008157212,15.598899591116528,0.3333333333333333,1.0,14.846153846153848,0.5716452185368424,1.0134408602150538,0.16075268817204302,0.1053763440860215,0.25806451612903225,1.289247311827957,1.227956989247312,0.20913978494623656,0.12688172043010754,0.06612903225806452,1.6155913978494623,0.682258064516129,0.1967741935483871,0.0,0.8989247311827957,0.09946236559139784,0.1043010752688172,0.0005376344086021505,0.4161290322580645,0.4854838709677419,0.002688172043010753,0.01021505376344086,0.16881720430107527,0.016666666666666666,0.08978494623655914,0.10967741935483871,0.2698924731182796,0.0,0.4838709677419355,1.1833333333333333,1.5381720430107526,0.1053763440860215,0.1693548387096774,0.0032258064516129032,0.07311827956989247,0.8650537634408603,1.221505376344086,0.005913978494623656,0.008064516129032258,0.35591397849462364,3.3311827956989246,0.4817204301075269
ruMMLU,academic/specialized,Natural,7.477308297696242,0.2917031949177181,6.151571726632409,0.5520787963110458,0.19037169143161412,0.7098062062566071,0.21258495255133356,47673,0.6084747027705031,0.9972374059687626,2.609384799271923,0.09407969415410596,897707,0.011249773032849249,0.004810032672130217,0.013143486683294216,0.13277383377872737,0.11761521298151847,0.038496970615133894,0.01258762602942831,0.03069821222291906,0.03470954331424396,0.00011028097140826572,0.3402513292198902,0.03264205358764051,0.019867284091579993,0.05028700901296303,0.04001639733231444,0.1807805887667134,0.029279040934291477,0.005250042608557135,0.005314651662513493,0.12736226853527932,0.005006087732411578,12.750797633097456,11.644958978820489,11.685459929321414,25.53130792492621,74.03839166097474,20.770994798714828,-0.1248777649441933,0.5130804739518928,14.493524866688432,0.6094516354417208,1.1591676630377783,0.27057244142386677,0.16485222243198455,0.2910662219705074,0.8913011557904894,2.0552094476957605,0.5225599395884463,0.0501331990854362,0.10032932687265328,2.246932225788182,0.5892224110083276,0.13212929750592578,0.004153294317538229,0.9955530384074843,0.08419860298282046,0.03641474209720387,0.0018249323516455855,0.09904977660310868,0.5858452373460868,0.003230340024751956,0.0008600255910053909,0.24485557862941287,0.03150630335829505,0.07838818618505233,0.09307154993392486,0.197218551381285,8.390493570784301e-05,0.5016885868311204,2.630147043399828,1.6160090617330565,0.18217859165565414,0.3344031212636083,0.00037757221068529355,0.07945797411532733,0.9971262559520063,1.3892559729826106,0.021248924968011243,0.0009649067606401947,0.2108950559016634,3.3814318377278543,0.3791034757619617
MaMuRAMu,academic/specialized,Natural,7.697775366250678,0.3247020759229115,6.340919595667289,0.5849158979924037,0.1466710877996825,0.7265127308534797,0.16098952995317617,4117,0.5484817427302506,1.0039991157733967,2.7073511384417515,0.28876027411024696,99522,0.028536404011173407,0.014951468017121843,0.036373867084664696,0.1530817306726151,0.10300235123892204,0.01962380177247242,0.0039488756254898415,0.020075963103635377,0.03281686461284942,5.0240147906995435e-05,0.3460541387833846,0.042332348626434355,0.014539498804284479,0.02953115893973192,0.12855449046441994,0.12932818874218766,0.012138019734330098,0.005677136713490485,0.004240268483350415,0.09237153594180181,0.015132332549587025,15.43480301330279,13.0971869536384,15.018642664523256,12.697741150940516,82.66501705209438,24.819691111625986,0.0956105830562352,0.4283541821336205,18.437472575691093,0.5723380983789427,1.1085742045178528,0.2647558902113189,0.14865193101773136,0.1025018217148409,0.6567889239737673,3.288316735487005,1.8136992956035949,0.010930289045421423,0.04056351712411951,2.5258683507408306,0.47753218362885597,0.045421423366529025,0.004129220306048093,1.2598979839689095,0.0446927374301676,0.060966723342239494,0.0019431624969638087,0.13747874666018947,0.7367014816614039,0.002671848433325237,0.018460043721156182,0.12970609667233424,0.06218119990284188,0.27350012144765606,0.7699781394219092,0.17828515909642945,0.00024289531212047608,0.2589264027204275,4.769249453485548,1.8656788923973768,0.22152052465387417,0.516881224192373,0.0014573718727228565,0.12970609667233424,0.8409035705610882,1.3529268885110517,0.02161768277872237,0.0036434296818071412,0.2496963808598494,3.1207189701238764,0.34248239008987125
RuTiE,comprehension/language,Natural,6.016088860011448,0.11294689129190452,4.635293389644343,0.37327702232329324,0.2588604755495738,0.6065964326046936,0.2645534567843938,5966,0.7525100168623629,0.9889698488575362,1.9441685617487354,0.19258674834857134,64641,0.012113055181695828,0.0046564873686978855,0.04128958401014836,0.07212140901285562,0.09934871057069043,0.042341547933973794,0.005429990253863647,0.045126158320570535,0.03514797110193221,0.002320508655497285,0.27269070713633764,0.09721384260763292,0.05176281307529277,0.043470862146315806,0.1000293931096363,0.23375257189709317,0.022245942977367306,0.0008044430005723921,0.0017635865781779367,0.11786636964155876,0.003913924598938754,1.0161254391534769,1.9338108940146408,2.911530400195872,75.90510235878034,48.16259998626832,9.830442267884107,0.3178571428571429,0.8,9.645737704918032,0.5408800355533445,1.0283271873952398,0.05481059336238686,0.07039892725444184,0.10844787127053301,0.6739859202145491,0.5023466309084814,0.6159906134763661,0.011565538048944016,0.004190412336573919,1.1347636607442173,0.4775393898759638,0.04760308414347972,0.0036875628561850488,0.6538719409989943,0.049949715051961115,0.08028830036875628,0.0011733154542406972,0.008883674153536709,0.33540060341937644,0.0013409319477036541,0.0015085484411666108,0.06218571907475696,0.09587663426081126,0.009889373114314448,0.1600737512571237,0.09839088166275561,0.0,0.2271203486423064,0.8551793496480053,1.2194099899430104,0.04257458933959102,0.4073080791149849,0.0006704659738518271,0.298524974857526,0.5524639624539055,0.7309755279919544,0.0016761649346295675,0.009889373114314448,0.21320817968488098,2.5251424740194435,0.13828360710693932
CheGeKa,general_knowledge,Natural,7.030469938581168,0.21653190210552017,5.682641197573298,0.5102857759996995,0.18440440637854286,0.7277004564151688,0.25194868616291954,33421,0.6955729606881914,1.0107412520425987,2.4223460303149826,0.18707387164027722,425928,0.02133459176198794,0.02746004019458688,0.032801318532709754,0.12053445652786386,0.11948263556281813,0.03856989913788246,0.010440731766871396,0.03070706786123476,0.038396160853477586,0.00016904265509663606,0.3018115737871189,0.018533648879622847,0.0358558253977198,0.04282179147649368,0.12145245205762477,0.22969140324186246,0.012776807347720742,0.0001197385473601172,0.00020425987490843523,0.12133036569561052,0.0038339813301778705,8.108116338985923,8.17820561221615,7.337844012981254,44.68438441646455,63.772900031973776,14.736836661444649,0.1875898568103244,0.4697869910590498,10.832552728140568,0.5673701272686734,1.0038897699051494,0.16295143771879955,0.07674815235929505,0.0836898955746387,0.8219682235720056,1.3303013075611143,0.47401334490290536,0.009844109990724395,0.05529457526704767,1.548966218844439,0.39241794081565484,0.047604799377636814,0.0006582687531791389,0.5628497052751265,0.06468986565333174,0.03509769306723318,0.001855121031686664,0.0015559079620597828,0.4722180664851441,0.0040992190538882735,0.005505520481134616,0.08509619700188505,0.0166362466712546,0.023428383351784807,0.21486490529906346,0.14054037880374615,5.984261392537626e-05,0.1341372191137309,1.6457317255617725,1.1105891505340952,0.12456240088567068,0.1169324676101852,0.0004787409114030101,0.06094970228299572,0.5965410969151133,1.1241135812812304,0.0196582986744861,0.014571676490829119,0.1721971215702702,2.9222644445109363,0.2091798569761527
RUSSE,comprehension/language,Natural,6.86959290605085,0.20939418294998544,5.623715890674479,0.5045061861239333,0.2249711226376561,0.6984156612659778,0.19392557912104483,56682,0.7139926009536484,0.9682268494321883,2.378480106461941,0.025092927278822827,1366122,0.01217534012335648,0.0071325986990912965,0.022421130762845486,0.11001945653462868,0.12271305198218022,0.050399598278923846,0.0099668990031637,0.04323186362564983,0.033387208463080166,0.00011199585395740644,0.3247982244631153,0.01589096727817867,0.028377406995861276,0.055496507632554044,0.04430717022345003,0.18586553763133892,0.020367873440293033,0.03580573330932377,0.0004765313786030823,0.1423408743874998,0.0012334183916224172,10.924936070731796,9.148246452366628,12.582646494119349,32.556377781165224,74.55213232044879,19.91156245371761,-0.3014553023096769,0.3861259411061075,23.47099556685797,0.5903066118633884,1.0340319678204721,0.2434458911118168,0.1526410500688049,0.2257506792279736,1.6079354998059348,2.2564658974630394,0.38518400903284994,0.04576408736459546,0.06492360890582548,3.021047246039307,1.0386366042129778,0.18198017007162767,0.0011291062418404432,2.0925690695458874,0.11949119649977065,0.12961786810627712,0.003016830739917434,0.8629900144666737,0.7793832257153946,0.010144313891535231,0.01704244733777919,0.20020465050633357,0.028333509756183622,0.015878056525881232,0.11463956811686249,0.29676087646872024,0.0,0.4345118379732543,2.712024981475601,2.0691224727426696,0.16359690907166297,0.19046610917045975,0.0043400021170742036,0.13575738329628453,1.338943579972478,2.1523058466532587,0.015454641685191065,0.012420168660244875,0.49536007903743695,4.453794855509686,0.41219434741187677
TERRa,comprehension/language,Natural,7.3474120939184315,0.25552380671002706,6.040155489619253,0.5521611959701007,0.21348589661881828,0.7196375285423059,0.2725204597157798,19741,0.6775996184510972,1.0090744484634637,2.5396511191116327,0.09149998522764204,236929,0.011851651760654036,0.011113033862465127,0.010944206914307662,0.09476256600078505,0.1214372238096645,0.05471259322413043,0.012273719131047698,0.029506729864220926,0.025860067784019686,3.79860633354296e-05,0.3313397684538406,0.012864613449598826,0.029012911040860342,0.05690734355017748,0.03416213295966302,0.2603016093428833,0.03519197734342356,0.0006626457715180498,0.0003545365911306763,0.17514951736596196,0.0011775679633983177,10.137899098262054,9.97464400727644,7.830371562706752,38.5995311880248,67.21799386883015,15.532787922332682,-0.0268776376640756,0.0848063973063973,11.164894715111478,0.5671556627947908,0.9951370244668456,0.09705688668253888,0.0969049186971278,0.2252165543792108,0.805379666683552,0.94807760498455,0.12466440403221721,0.02927916518920014,0.05795045843675599,1.4651233473481586,0.3538321260321159,0.144926802087027,0.0014690238589737095,0.4661871232460362,0.05784914644648194,0.06261080998936223,0.0027860797325363457,0.007952991236512842,0.29704675548351145,0.00430575958664708,0.001519679854110734,0.1931513094574743,0.014842206575148169,0.007801023251101768,0.05354338685983486,0.16306164834608175,0.0001519679854110734,0.41477128818195635,1.221518666734208,1.320804417202776,0.11230434121878324,0.0664606656197761,0.0017729598297958563,0.05440453877716428,0.7105009877919052,1.1289701636188643,0.00658527936781318,0.0012157438832885873,0.23489184945038244,3.0857099437718456,0.27323843776911
DaNetQA,general_knowledge,Natural,7.420060630025043,0.28327462046323254,6.048626837772745,0.5482913356578837,0.18058401332422686,0.7075529913608205,0.2099913728027607,20823,0.6048623842218148,1.0223019039745018,2.568364547012234,0.1824502438381442,333828,0.03688126819799418,0.01083791653186671,0.021597948644211988,0.1571767497034401,0.12709539044058618,0.03741747247085325,0.012051116143642834,0.03996369387828463,0.019653833710773214,0.00022766214937033444,0.33731142983812024,0.020372766814047955,0.02544424074673185,0.02480319206297854,0.08723953652779276,0.18933402830199983,0.01376157781851732,0.006955677774183112,0.0013000706950884887,0.10671663251734426,0.00475394514540422,11.32129465421967,10.754272439699488,10.014592096517358,31.635086287163773,70.86082928686602,18.890937462306155,0.1163441361156205,0.4184605579605579,14.087370445059326,0.5687550721318613,1.0259328626998991,0.22297459539931805,0.09792056860202661,0.09936128319646545,0.8487249675839216,2.146952888632762,0.36349229217691975,0.008116025548672141,0.0833693511981943,2.0711713009652786,0.6448638524708256,0.0479277721749988,0.0032175959275800798,1.120972002113048,0.09119723382797867,0.03126350669932287,0.004514239062575037,0.11151130960956634,0.30360658886807856,0.009220573404408587,0.00470633434183355,0.20261249579791576,0.06718532392066465,0.04634298612111607,0.1843634442683571,0.09835278298035825,9.60476396292561e-05,0.16510589252269126,2.3410651683234884,1.1165057868702877,0.18671661143927387,0.20534985352734955,0.002785381549248427,0.04691927195889161,0.5054987273687749,1.3823656533640685,0.023339576429909234,0.017192527493636842,0.23051433511021466,3.02583681506027,0.2345003121548288
LiDiRus,comprehension/language,Natural,7.188508160733035,0.24221310171486748,5.8765868092011075,0.5289364003690624,0.2089656708345264,0.702300276796793,0.18545385129330916,2205,0.6690528459164519,0.9990137125767554,2.4870350927428335,0.10394196812064523,31431,0.013967102542076294,0.012821736502179376,0.022875505074607873,0.11014603417008685,0.12338137507556235,0.044542012662657886,0.013808023925423945,0.037765263593267796,0.032865642200375425,0.0,0.31468931946167794,0.016830517641818588,0.021666507588050013,0.05564570010499189,0.0655722057840985,0.17730902612070887,0.03028856861060736,0.000381788679965639,0.000381788679965639,0.13591677006776748,0.006935827686042442,9.745798731721386,9.535849002577072,8.550022843689352,38.83344262683599,67.14806180561372,16.477919352138386,0.1695887445887446,0.5345238095238095,12.312638580931264,0.8479646932728271,1.0226757369614512,0.13877551020408163,0.13424036281179139,0.22947845804988662,0.854875283446712,1.3401360544217686,0.17596371882086168,0.022675736961451247,0.06394557823129252,1.8149659863945578,0.5437641723356009,0.12789115646258503,0.005442176870748299,0.6390022675736962,0.10839002267573696,0.027210884353741496,0.0018140589569160999,0.005442176870748299,0.4312925170068027,0.0,0.027210884353741496,0.17687074829931973,0.0072562358276643995,0.050340136054421766,0.08798185941043084,0.10068027210884353,0.0,0.3419501133786848,1.7891156462585034,1.400453514739229,0.11791383219954649,0.13197278911564625,0.0,0.06213151927437642,0.8063492063492064,1.1791383219954648,0.010884353741496598,0.0018140589569160999,0.1709750566893424,2.527437641723356,0.2575963718820862
RCB,comprehension/language,Natural,6.7138885860678075,0.18810639921508776,5.426305461681021,0.4627984301755151,0.28156001308187073,0.6699007958138014,0.2628638395290527,3793,0.7633544096805843,1.0190232203205059,2.3030905919546494,0.2392347105636106,36692,0.002098550092663251,0.0016897416330535267,0.0027526436280388097,0.08813910389185653,0.09405319960754388,0.06933391474980923,0.014199280497111087,0.042570587594025946,0.04063556088520658,0.0002452850757658345,0.24980922271884878,0.007522075656818925,0.049275046331625424,0.12068025727679058,0.006459173661833642,0.25572331843453616,0.03602965224027036,0.00038155456230240927,5.450779461462989e-05,0.19072277335659,0.0,5.6421195932341845,5.8965889022130185,4.962629868592959,55.843563359196565,55.9534522978046,11.976279971887106,0.0,0.0,8.889855072463767,0.5660182655830093,1.0007909306617453,0.08436593725283417,0.055365146322172425,0.1207487476931189,0.9691537041919325,0.5844977590297917,0.02372791985235961,0.0350645926707092,0.02610071183759557,0.9222251515950435,0.4115475876614817,0.195096229897179,0.001318217769575534,0.4943316635908252,0.07065647244924862,0.07434748220406011,0.001318217769575534,0.003691009754811495,0.37490113366728184,0.009754811494858951,0.007645663063538096,0.09596625362509886,0.0002636435539151068,0.0,0.0018455048774057474,0.15686791457948854,0.0,0.32902715528605325,0.5897706301080938,1.2285789612443976,0.06432902715528606,0.02293698919061429,0.0010545742156604272,0.03585552333245452,0.5789612443975745,0.748220406011073,0.004218296862641709,0.001318217769575534,0.2378064856314263,2.4590034273662007,0.2225151595043501
MuSeRC,comprehension/language,Natural,6.858747621036996,0.1968446827275681,5.374396555725758,0.49079457364341084,0.20170124866545977,0.6722137121106624,0.3237478531309474,40021,0.677070278048554,0.9989758854384255,2.25781866499559,0.15320811864642808,344688,0.017993083600241377,0.015463259527456714,0.048261036067400086,0.08870050596481456,0.1201637422828761,0.037306201550387594,0.009750847142923456,0.03208698881307153,0.024686092930418232,3.7715267140138326e-05,0.2922004827554194,0.05257218121895743,0.02118437543517616,0.0553428027665599,0.10674581070417305,0.30226175555865015,0.01887213944204614,0.00015956459174673907,0.00011314580142041498,0.14155119992572993,0.007717123891751381,5.019578714298639,5.165404539757695,4.112288642963847,59.94361638673473,57.69213570821056,11.561711634678876,0.4043352321574037,0.8700263877577595,7.047429108497811,0.4466793112189505,1.0932760300842057,0.07740936008595488,0.054021638639714153,0.06506584043377227,0.43072386996826667,0.6017091027210715,0.23587616501336797,0.013068139226905874,0.029909297618750157,1.045900902026436,0.27752929711901253,0.058544264261262836,0.0004997376377401864,0.42832512930711375,0.04057869618450313,0.021438744659053998,0.0012243572124634567,0.0013742785037855127,0.19879563229304614,0.0028734914170060718,0.0018990030234127084,0.05664526123785013,0.031058694185552585,0.03798006046825417,0.13922690587441594,0.10551960220884037,0.0,0.1542190350066215,0.8628719922040928,0.8402838509782364,0.0629919292371505,0.233252542415232,0.0003997901101921491,0.046725469128707425,0.45233752280052975,0.7152994677794158,0.005921891007221209,0.0028734914170060718,0.11496464356212988,2.5942380250368555,0.15826690987231704
RuCoS,comprehension/language,Natural,7.505414130005775,0.270670186863239,5.905327994560411,0.5873221277633811,0.16821395482981066,0.6954850549676322,0.22281191638777284,631170,0.5930288229342039,0.9650924689102607,2.486582229613663,0.026559639435121265,12392111,0.04514823987615992,0.029864403248163286,0.026997175864548018,0.10892873700049975,0.14657139530141394,0.03131338962344672,0.006612594093129088,0.02367788668129264,0.0166304998397771,1.4363977210985279e-05,0.32675369031152157,0.01741018943422957,0.013658689790625666,0.03067483820956736,0.11661822590194681,0.17601932390695985,0.015566677864651149,0.044378879433859174,0.00015953698284335897,0.12866161382834612,0.035312143346682416,11.434565463734188,10.36664159722262,11.1824922965546,31.86778631351004,78.36576791996026,20.43114734936787,0.0474611701278969,0.2335925350430987,17.653483283028518,0.5698772644918986,1.0503113265839632,0.19691208390766354,0.11055816974824532,0.0930145602611024,0.7313101066273746,1.8391415941822329,0.8217881077998004,0.030349984948587545,0.06284836098040147,2.896176941236117,0.46807991507834656,0.16060966142243768,0.002528637292646989,0.8766893230033113,0.035025428965255005,0.04232932490454236,0.0031845620038975235,0.871364291712217,0.3157881394869845,0.009683603466577942,0.0031433686645436255,0.18506583012500594,0.11463631034428126,0.09967045328516881,0.28230429202908885,0.1847489582838221,0.00018853874550438075,0.29246161889823663,3.3288559342174056,1.6599109590126273,0.22711472345010061,0.24756087900248744,0.001459194828651552,0.09985740767146728,0.9027837191247999,1.8510559754107452,0.019238873837476432,0.005768651868751683,0.4276027060855237,3.4540472455915205,0.3200722467797899
ruOpenBookQA,general_knowledge,Artificial,7.221626589064175,0.24659212743145964,6.109281666411396,0.5449149946393016,0.1675026803492112,0.7812069229591055,0.09658829836115791,398,0.7021174758768571,1.00369505284117,2.5869964772553224,0.2780479399601777,52232,0.01236789707459029,0.0023931689385817126,0.015029100934293153,0.11448920202174911,0.10805636391484148,0.043249349058048704,0.01148721090519222,0.014914228825241231,0.023223311379996937,0.0,0.3828878848215653,0.013574054219635473,0.011066013172001838,0.05647878695052841,0.0370079644662276,0.08713049471588298,0.028124521366212282,0.00022974421810384438,9.57267575432685e-05,0.167789860621841,0.0004211977331903814,44.015851975453934,13.004354418747129,66.60080292717993,-119.2505234589243,185.7276803684528,50.34506104807056,0.0,0.0,35.46047582501919,0.5818548864255663,3.2738693467336684,1.7663316582914572,0.9974874371859297,2.0954773869346734,5.886934673366834,13.346733668341708,3.4447236180904524,0.6532663316582915,0.27638190954773867,14.489949748743719,1.9698492462311559,0.5879396984924623,0.01256281407035176,9.344221105527637,0.5628140703517588,0.7462311557788944,0.017587939698492462,0.03015075376884422,3.007537688442211,0.01256281407035176,0.002512562814070352,0.9874371859296482,0.04773869346733668,0.03768844221105527,0.9246231155778895,1.4974874371859297,0.0,3.3743718592964824,20.58040201005025,13.203517587939698,0.9095477386934674,0.5251256281407035,0.0,0.9447236180904522,9.64824120603015,11.178391959798995,0.09547738693467336,0.0,1.2939698492462313,11.243718592964823,5.371859296482412
ruWorldTree,general_knowledge,Artificial,7.2330227077977725,0.2557305055698372,6.093080548414739,0.5486289631533847,0.1648993144815767,0.7831512425021423,0.11771636675235647,719,0.6923200514138818,1.004605826906598,2.6036311053984575,0.30387746358183376,18672,0.020458440445586975,0.003909597257926307,0.02056555269922879,0.11584190231362468,0.11112896315338475,0.034168808911739505,0.006694515852613539,0.023404027420736932,0.03716795201371037,0.0,0.3926199657240788,0.019869323050556983,0.006694515852613539,0.044826478149100256,0.05184233076263925,0.11123607540702657,0.017512853470437018,0.00021422450728363326,0.00026778063410454157,0.14535132819194516,0.0005891173950299915,14.387101479251506,11.834203084832907,15.141514023511665,16.59654803425923,80.83229826248729,22.8340637398313,0.0,0.0,15.082191780821915,0.5938915874525923,1.4242002781641168,0.27816411682892905,0.15438108484005564,0.25591098748261476,0.8692628650904033,2.7051460361613353,0.6856745479833102,0.04728789986091794,0.055632823365785816,2.941585535465925,0.6091794158553546,0.12100139082058414,0.0,1.5827538247566064,0.07788595271210014,0.09040333796940195,0.0013908205841446453,0.005563282336578581,0.8929068150208623,0.0013908205841446453,0.0027816411682892906,0.16133518776077885,0.012517385257301807,0.009735744089012517,0.15855354659248957,0.21835883171070933,0.0,0.41585535465924894,4.1557719054242,2.691237830319889,0.18497913769123783,0.2712100139082058,0.0,0.17941585535465926,1.7816411682892908,2.258692628650904,0.02364394993045897,0.0,0.18219749652294853,2.867872044506259,0.6954102920723226
Polyglot-or-Not/Fact-Completion,general_knowledge,Artificial,7.082897609015686,0.15818061830549773,3.7569165947510026,0.49916239403015383,0.0961216305396213,0.44588557794811917,0.38778618203969745,134,0.38382659018224274,1.0045433778364383,1.528148636986649,0.2379054774354028,39398,0.03667698867962841,0.06053606782070156,0.07997867912076755,0.03198131884867252,0.04200720848774049,0.003147367886694756,0.005127163815422103,0.0008883699680186811,0.014036245494695163,0.0,0.13180872125488605,0.006929285750545713,0.00296969389309102,0.01845271333570232,0.2655464744403269,0.36552616884105793,0.01251332554952028,5.076399817249606e-05,0.0,0.08089243108787247,0.40476673942839736,74.94948445030545,0.2139996954160103,138.63279848283835,-267.2261360679722,343.93116477614967,60.34346837227237,0.059587925546449,0.3663630540219297,291.97222222222223,0.4579339530363491,1.3507462686567164,5.7164179104477615,3.462686567164179,0.39552238805970147,0.9328358208955224,9.402985074626866,73.23134328358209,0.007462686567164179,1.3880597014925373,16.134328358208954,0.2537313432835821,0.14925373134328357,0.0,18.17910447761194,0.1417910447761194,0.0,0.007462686567164179,0.014925373134328358,3.8955223880597014,0.05223880597014925,0.21641791044776118,0.07462686567164178,0.03731343283582089,67.67164179104478,26.380597014925375,0.6716417910447762,0.0,0.05970149253731343,23.35820895522388,11.701492537313433,3.5970149253731343,0.12686567164179105,0.0,0.08955223880597014,8.328358208955224,13.746268656716419,8.156716417910447,0.0,1.1343283582089552,107.26865671641791,0.3582089552238806
facebook/xnli-test,comprehension/language,Artificial,6.993973513218591,0.2302878494783658,5.675536927731759,0.49344443893325396,0.23825703090124498,0.682084222012797,0.20819073127986376,9118,0.6900534034356761,1.0062910239240779,2.4139427607757553,0.15404328488996907,120966,0.014623943918125755,0.01153216606319131,0.020377626771158838,0.1090141031364185,0.11144453813468247,0.059529123886050625,0.01811252748706248,0.03355488319031794,0.034348494618322505,0.0006944099995039928,0.2775986640874295,0.01937734570044475,0.034249293189821936,0.08269265744093382,0.06194302531289784,0.18491146272506323,0.028627878908122944,0.001926161070052742,0.0009837474992973232,0.14486715275366632,0.006605161780996313,8.210177574707629,8.247273779409092,7.532477481585804,44.5102973706432,62.6111690523515,15.50348099287357,0.2311534856137128,0.3008929118020027,10.923514800248396,0.5943223813374195,1.0604299188418513,0.15255538495284054,0.11076990568107041,0.16769028295678878,1.0149155516560648,1.162864663303356,0.23360386049572274,0.042114498793595086,0.056262338232068436,1.5160122833954814,0.4440666812897565,0.13939460407984208,0.002632156174599693,0.6273305549462601,0.13347225268699275,0.07435841193244133,0.001645097609124808,0.02555384952840535,0.43924106163632376,0.011186663742048695,0.0038385610879578856,0.14619434086422461,0.019960517657381004,0.05209475762228559,0.08115814871682386,0.20190831322658478,0.0,0.3426189953937267,1.3883527089273964,1.4448343935073482,0.10649265189734591,0.13105944286027638,0.001645097609124808,0.06722965562623383,0.6727352489581049,1.0710682167141916,0.008993200263215618,0.0012064049133581926,0.1923667470936609,2.4361702127659575,0.27308620311471815
alexandrainst/m_mmlu-test,academic/specialized,Artificial,7.483657253691965,0.2977761567785715,6.134751148673575,0.5536662530323865,0.18583917452012833,0.7068311142413165,0.2075927043856413,38404,0.5948941319828733,0.9962255871929884,2.6077237817352517,0.10938949816100435,715608,0.009840583112542062,0.0056525360253099465,0.015017998680842025,0.137729036008541,0.1138137080636326,0.037711987568612985,0.011384724597824507,0.029683849258253122,0.03368045074957239,7.546030787805614e-05,0.34198192306402386,0.037017473253513095,0.022527696727817466,0.04296905568411756,0.044740975506143026,0.17340918491688187,0.027654805424198722,0.004902125185855944,0.006151412505170428,0.12119624151770243,0.008641602665146282,12.590290550242464,11.53281246157114,11.576888762380284,25.88701152908521,74.00030929448955,20.875875480323145,-0.0194701836790055,0.5478572679447437,13.95507738769347,0.5971567762689781,1.1750078116862828,0.22487240912404957,0.16612852827830435,0.2618737631496719,0.9128736589938548,2.1014217269034474,0.5916831580043745,0.03426726382668472,0.09735965003645454,2.155244245391105,0.5604624518279346,0.12222685136964899,0.012628892823664202,0.9725549421935215,0.07811686282678888,0.034814081866472245,0.0015362983022601813,0.09139672950734298,0.5559056348297052,0.0025518175190084365,0.0013800645766066035,0.23513175710863451,0.03252265389021977,0.1229299031350901,0.09725549421935215,0.16133736069159463,0.0003385064055827518,0.46880533277783565,2.757499218831372,1.5968909488594938,0.18419956254556816,0.3511873763149672,0.00046870117696073325,0.08415790021872721,0.9504999479220915,1.2680710342672639,0.01973752734090199,0.0015623372565357774,0.19828663680866576,3.212139360483283,0.3749869805228622
X-CODAH-ru-test+val,comprehension/language,Artificial,6.4776174849854495,0.14516129032258066,5.287660206798341,0.45028171630239616,0.238406290632159,0.7036870781994923,0.21761810414215838,5770,0.7969320785090707,0.9535632468577797,2.2271685963717416,0.16026871401151632,64604,0.005974862237632344,0.001965822549687326,0.034843043774379294,0.06959321404247415,0.1224072812828927,0.04453284626338926,0.011763977462695809,0.024007801374527894,0.03202588075041793,1.547891771407343e-05,0.308185251687202,0.012955854126679463,0.016624357624914866,0.09244009658844654,0.05422264875239923,0.20165933997894867,0.02679400656306111,0.0009751718159866262,7.739458857036717e-05,0.20026623738468205,0.0013931025942666088,5.201380624193668,5.626163705033751,5.154632313305744,58.42667342391621,56.224705425733546,11.321355605798905,0.392808837890625,0.2108333333333333,5.934219053791316,0.6088220839979717,1.6050259965337954,0.043327556325823226,0.030849220103986136,0.17729636048526862,0.5734835355285962,0.5989601386481802,0.06568457538994801,0.013691507798960138,0.02079722703639515,1.3880415944540727,0.26967071057192377,0.10103986135181976,0.0005199306759098787,0.3882149046793761,0.09324090121317158,0.03674176776429809,0.0,0.010918544194107453,0.3509532062391681,0.0008665511265164644,0.0001733102253032929,0.11369150779896015,0.0010398613518197574,0.00901213171577123,0.018890814558058924,0.17001733102253033,0.0,0.27469670710571925,0.5913344887348354,1.855632582322357,0.039341421143847484,0.054939341421143845,0.0003466204506065858,0.0708838821490468,0.921317157712305,1.1495667244367418,0.0006932409012131716,0.0008665511265164644,0.03396880415944541,2.2514731369150778,0.33188908145580587
NLPCoreTeam/mmlu_ru-philosophy,academic/specialized,Artificial,7.607853449031467,0.2817950740643352,6.283285125777895,0.5500920326058375,0.2372688228591463,0.7211850293627837,0.2973967920063108,361,0.6766587781575949,1.0171794197563326,2.6578140064861073,0.3230782715400123,11409,0.0018406521167499343,0.0005259006047856955,0.025593829432903847,0.13480585502673328,0.09545095976860374,0.04373740029801034,0.015777018143570864,0.0330440880007012,0.04584100271715313,0.0,0.30388289946533437,0.008326759575773512,0.03672539223420107,0.08519589797528267,0.03541064072223683,0.2658427557191691,0.049522306950652996,0.002191252519940398,0.0,0.14462266631606627,0.0014024016127618547,17.158252699003974,13.120609168200543,18.29794252435689,6.015336658938395,86.61308137692724,26.43431551629032,0.0,0.0,9.79946761313221,0.5621163376623839,3.1218836565096955,0.5761772853185596,0.42382271468144045,0.4404432132963989,2.102493074792244,2.811634349030471,0.5069252077562327,0.21606648199445982,0.13850415512465375,3.1717451523545708,1.080332409972299,0.6371191135734072,0.038781163434903045,1.6842105263157894,0.13019390581717452,0.12465373961218837,0.0,0.07756232686980609,1.3767313019390581,0.008310249307479225,0.002770083102493075,0.4626038781163435,0.0,0.027700831024930747,0.07202216066481995,0.29916897506925205,0.0,1.3573407202216066,2.9916897506925206,3.6398891966759,0.2742382271468144,0.09695290858725762,0.0,0.036011080332409975,1.592797783933518,2.0831024930747923,0.019390581717451522,0.0,0.7340720221606648,7.7229916897506925,1.0609418282548477
NLPCoreTeam/mmlu_ru-logical_fallacies,academic/specialized,Artificial,7.639684911041695,0.3194350129023496,6.386934673366834,0.5845443433383132,0.19204128751867444,0.7514600027162841,0.18701616189053374,143,0.624066277332609,1.008013038163792,2.7426320793154964,0.2235501833491783,7363,0.0048893114219747385,0.004074426184978949,0.009099551813119652,0.13961700393861198,0.11191090588075513,0.044547059622436505,0.015754447915251935,0.024310742903707726,0.034904250984652996,0.0004074426184978949,0.29756892570962923,0.008556294988455792,0.030014939562678256,0.11354067635474671,0.02498981393453755,0.15632215129702567,0.0558196387342116,0.00027162841233192993,0.0,0.1291593100638327,0.012766535379600706,23.38501874758408,14.118390601656934,28.66107431886326,-24.93355160322497,109.9439448233418,35.90581381889671,0.0,0.0,32.554054054054056,0.6100610152374298,1.5524475524475525,1.3216783216783217,0.5384615384615384,1.3076923076923077,2.986013986013986,4.923076923076923,1.1888111888111887,0.11888111888111888,0.3076923076923077,5.93006993006993,1.2797202797202798,0.7202797202797203,0.0,2.062937062937063,0.3916083916083916,0.14685314685314685,0.0,0.013986013986013986,1.5174825174825175,0.0,0.02097902097902098,0.7902097902097902,0.006993006993006993,0.42657342657342656,0.24475524475524477,0.34265734265734266,0.0,2.762237762237762,7.566433566433567,6.048951048951049,0.6363636363636364,0.2867132867132867,0.0,0.09090909090909091,3.2517482517482517,3.1888111888111887,0.08391608391608392,0.0,0.4125874125874126,7.7622377622377625,1.5804195804195804
NLPCoreTeam/mmlu_ru-moral_scenarios,academic/specialized,Artificial,6.886526910846779,0.2389883405959251,5.412981392062184,0.49283064421151807,0.26857849487692853,0.6127075727240607,0.24830703097397244,2923,0.6422977270050642,1.059106701213049,2.2523995995760218,0.07943705099517136,67928,0.015266164173831115,0.0004416440937463196,0.03101813685078318,0.12572135201978565,0.12706100577081617,0.08662112825344483,0.002222941938523142,0.0197120480508774,0.04906665881521611,0.0,0.1884936992109292,0.04650512307148746,0.06274290425156047,0.11044046637616299,0.04679955246731834,0.23192203509598397,0.016488046166529265,0.00017665763749852786,0.0,0.1352755859144977,0.01491284889883406,9.363841687419082,7.935317689318108,11.239694634209098,41.25490483181704,72.52220229320108,20.8856621765982,0.0,0.0,22.252393980848154,0.5415176053166216,1.0003421142661648,0.05473828258638385,0.38658912076633595,0.24940130003421143,3.098528908655491,1.8149161820047897,1.4081423195347247,0.006158056790968184,0.006842285323297981,2.9579199452617173,0.4580910023947999,0.13513513513513514,0.00034211426616489907,1.6161477933629833,0.03318508381799521,0.3588778652069791,0.00034211426616489907,0.004105371193978789,1.1395826205952788,0.0,0.0,0.08860759493670886,0.0010263427984946972,0.0020526855969893944,0.00376325692781389,0.216900444748546,0.0,0.37940472117687307,1.446801231611358,2.33937735203558,0.013342456380431064,0.36264112213479305,0.0,0.02702702702702703,2.1597673622990077,1.4160109476565172,0.0013684570646595963,0.0,0.5918576804652754,5.388641806363325,0.21005815942524803
NLPCoreTeam/mmlu_ru-moral_disputes,academic/specialized,Artificial,7.850179579271421,0.32702668034889687,6.5928681375064135,0.5745253976398152,0.2211390456644433,0.7304386865059005,0.2060672139558748,439,0.6245510518214469,1.0291816316059517,2.7970754232939967,0.3035531041559774,15592,0.0028860954335556696,0.0023730118009235505,0.023088763468445357,0.14930733709594665,0.10441251924063623,0.03918676244227809,0.012057465366854798,0.024371472550025655,0.03540277065161621,0.0,0.31830425859415085,0.009620318111852232,0.034889687018984095,0.06471267316572601,0.03559517701385326,0.19676757311441764,0.04707542329399692,0.02443560800410467,0.0,0.13551821446895845,0.0019881990764494613,20.193896682020217,14.945333504361209,21.232021888451644,-7.44144250716738,92.96962404644168,30.181391617714,-0.375,0.5,10.828843106180663,0.5875732863604409,2.8747152619589977,0.6537585421412301,0.3940774487471526,0.48519362186788156,2.0774487471526197,4.022779043280182,0.25740318906605925,0.20045558086560364,0.07517084282460136,3.806378132118451,0.9362186788154897,0.571753986332574,0.06605922551252848,1.1070615034168565,0.1571753986332574,0.1571753986332574,0.0,0.8678815489749431,1.20501138952164,0.002277904328018223,0.002277904328018223,0.5558086560364465,0.004555808656036446,0.04328018223234624,0.1252847380410023,0.4328018223234624,0.0,1.4624145785876994,4.728929384965832,3.7630979498861046,0.23917995444191345,0.0774487471526196,0.0,0.05239179954441914,1.8610478359908884,2.138952164009112,0.011389521640091117,0.0,0.4624145785876993,6.931662870159453,1.0045558086560364
NLPCoreTeam/mmlu_ru-high_school_world_history,academic/specialized,Artificial,7.133536246994131,0.2616913582322969,5.894142970050616,0.5157314140615804,0.2177342055257538,0.712529638286781,0.22140010425950526,3092,0.6685724855802377,0.972001278019742,2.5297055509778534,0.1476617283535406,59467,0.02243260968268115,0.004540333294095885,0.016816049237392168,0.12721341248087176,0.11253300149662838,0.04392352060806834,0.017572771453074815,0.04866564649301293,0.05221383288210268,0.0006221938217835102,0.2891687826861957,0.013923688768560715,0.022483057830393328,0.06975297223670271,0.05371046126423058,0.1960078699110431,0.025274522003800426,0.031530092320110316,0.00035313703398523553,0.12855869641986312,0.00040358518169741203,11.252061221494865,10.267953486807809,11.30079295422112,29.797400137848115,70.80567698183721,19.88452968732069,-0.375,0.4,17.18285714285714,0.5860583175971064,1.0271668822768434,0.2551746442432083,0.2441785252263907,0.25485122897800777,1.0494825355756792,2.0624191461837,0.4117076326002587,0.09087968952134541,0.1054333764553687,2.225743855109961,0.953751617076326,0.09896507115135834,0.000646830530401035,1.3567270375161709,0.13615782664941786,0.06824062095730918,0.00258732212160414,0.6064036222509702,0.9501940491591203,0.0019404915912031048,0.0009702457956015524,0.20666235446313067,0.007761966364812419,0.0048512289780077615,0.0999353169469599,0.24385510996119017,0.0,0.4139715394566624,2.0365459249676583,1.6804657179818887,0.17173350582147479,0.14327296248382923,0.0,0.04495472186287193,0.8690168175937905,1.536869340232859,0.030077619663648126,0.0,0.23576972833117724,3.746765847347995,0.3551099611901682